gender,body_type,occasion,weather,style,top_color,bottom_color
male,ectomorph,interview,winter,business,charcoal,charcoal
male,endomorph,formal,summer,formal,white,navy
male,ectomorph,party,rainy,glam,white,grey
male,mesomorph,sports,rainy,sporty,navy,black
female,apple,formal,autumn,business,navy,navy
male,trapezoid,formal,summer,traditional,white,charcoal
male,trapezoid,formal,rainy,traditional,cream,grey
male,oval,party,spring,vintage,white,blue
male,endomorph,interview,winter,formal,white,grey
male,mesomorph,date,spring,casual,lightblue,charcoal
female,triangle,date,autumn,chic,black,beige
male,trapezoid,casual,spring,street,beige,khaki
female,hourglass,formal,winter,business,navy,navy
male,ectomorph,formal,summer,traditional,navy,black
female,inverted_triangle,formal,autumn,formal,black,black
male,endomorph,travel,autumn,sporty,rust,blue
male,trapezoid,casual,summer,bohemian,charcoal,khaki
female,apple,formal,rainy,business,beige,navy
male,mesomorph,casual,summer,street,teal,black
male,oval,sports,summer,sporty,navy,navy
male,endomorph,party,summer,traditional,black,blue
female,oval,date,rainy,romantic,black,white
female,hourglass,sports,summer,sporty,orange,navy
male,oval,date,winter,chic,mustard,blue
male,ectomorph,interview,summer,formal,charcoal,charcoal
male,endomorph,date,summer,casual,purple,charcoal
female,triangle,sports,winter,sporty,navy,black
female,rectangle,sports,autumn,sporty,pink,navy
male,trapezoid,travel,spring,sporty,navy,cream
male,trapezoid,sports,autumn,sporty,grey,grey
male,endomorph,sports,winter,sporty,grey,navy
male,oval,sports,summer,sporty,teal,grey
male,trapezoid,sports,autumn,sporty,gold,grey
female,apple,sports,rainy,sporty,cream,grey
male,endomorph,party,winter,traditional,navy,black
male,trapezoid,party,summer,street,white,black
male,ectomorph,sports,summer,sporty,silver,navy
male,ectomorph,sports,rainy,sporty,navy,grey
male,oval,date,autumn,minimal,black,blue
male,mesomorph,party,spring,vintage,black,blue
female,apple,sports,summer,sporty,purple,grey
female,pear,casual,summer,casual,lavender,grey
male,oval,date,summer,vintage,lavender,cream
female,inverted_triangle,date,rainy,minimal,charcoal,blue
male,trapezoid,party,summer,traditional,navy,grey
male,oval,interview,summer,business,white,navy
male,endomorph,date,rainy,vintage,maroon,cream
female,oval,date,rainy,casual,beige,khaki
male,endomorph,sports,rainy,sporty,cream,grey
female,hourglass,formal,winter,formal,beige,black
male,ectomorph,sports,spring,sporty,white,grey
female,apple,sports,rainy,sporty,red,black
male,endomorph,party,rainy,vintage,black,grey
male,ectomorph,travel,rainy,minimal,white,black
female,oval,date,winter,vintage,rust,beige
female,triangle,sports,winter,sporty,silver,grey
male,oval,date,spring,vintage,lavender,khaki
male,trapezoid,formal,summer,traditional,white,navy
male,trapezoid,formal,rainy,traditional,white,charcoal
male,ectomorph,interview,rainy,business,white,charcoal
male,trapezoid,party,spring,traditional,navy,blue
male,mesomorph,interview,spring,formal,white,black
female,pear,party,autumn,chic,red,black
female,oval,formal,summer,traditional,cream,grey
female,inverted_triangle,travel,summer,minimal,peach,grey
male,mesomorph,party,spring,glam,maroon,blue
male,endomorph,date,summer,romantic,white,grey
male,mesomorph,party,summer,glam,white,blue
female,triangle,formal,spring,formal,white,black
male,oval,travel,winter,sporty,white,black
male,oval,casual,autumn,vintage,black,charcoal
female,pear,party,summer,street,silver,beige
male,endomorph,sports,summer,sporty,navy,black
female,hourglass,casual,rainy,bohemian,grey,khaki
female,apple,travel,spring,bohemian,cream,blue
female,inverted_triangle,casual,spring,minimal,peach,blue
female,pear,date,spring,chic,yellow,lightblue
female,inverted_triangle,sports,winter,sporty,white,navy
male,trapezoid,interview,winter,minimal,white,navy
female,pear,interview,spring,business,charcoal,charcoal
male,ectomorph,formal,autumn,formal,navy,navy
male,trapezoid,date,winter,romantic,charcoal,blue
male,trapezoid,formal,rainy,business,cream,grey
female,rectangle,casual,spring,vintage,pink,blue
female,inverted_triangle,travel,winter,casual,cream,grey
male,endomorph,formal,autumn,traditional,white,navy
female,oval,party,winter,street,gold,black
female,triangle,date,rainy,minimal,charcoal,black
male,oval,sports,spring,sporty,yellow,grey
male,endomorph,formal,winter,traditional,black,black
female,rectangle,sports,rainy,sporty,white,navy
male,mesomorph,interview,summer,business,charcoal,charcoal
male,ectomorph,travel,summer,minimal,pink,grey
female,hourglass,casual,rainy,casual,black,charcoal
male,trapezoid,travel,spring,sporty,beige,black
male,trapezoid,travel,rainy,sporty,rust,white
male,trapezoid,travel,rainy,bohemian,black,grey
male,mesomorph,travel,winter,casual,brown,grey
female,apple,date,spring,casual,pink,charcoal
male,endomorph,interview,autumn,minimal,cream,grey
female,pear,interview,winter,formal,white,charcoal
male,endomorph,sports,winter,sporty,black,black
female,triangle,date,summer,casual,yellow,black
female,triangle,formal,autumn,traditional,black,black
female,pear,interview,spring,formal,white,black
male,oval,interview,winter,formal,beige,navy
female,hourglass,casual,autumn,bohemian,navy,blue
male,mesomorph,interview,spring,formal,navy,navy
female,inverted_triangle,travel,winter,casual,charcoal,beige
female,apple,interview,spring,minimal,white,black
male,trapezoid,interview,autumn,formal,lightblue,grey
male,oval,travel,summer,bohemian,lavender,cream
female,rectangle,formal,rainy,formal,navy,navy
female,hourglass,sports,rainy,sporty,teal,grey
male,mesomorph,party,rainy,glam,navy,blue
male,oval,interview,winter,formal,white,black
female,oval,casual,rainy,vintage,darkgreen,blue
male,trapezoid,casual,winter,minimal,darkgreen,navy
female,rectangle,casual,rainy,vintage,beige,khaki
female,oval,party,spring,vintage,purple,beige
male,trapezoid,interview,summer,business,white,black
male,oval,sports,autumn,sporty,navy,navy
male,oval,casual,spring,casual,gold,black
male,ectomorph,casual,rainy,casual,charcoal,cream
female,pear,party,rainy,chic,gold,white
male,ectomorph,formal,rainy,traditional,white,grey
male,trapezoid,travel,winter,bohemian,black,blue
male,ectomorph,casual,winter,casual,navy,black
male,ectomorph,formal,spring,traditional,grey,black
female,hourglass,date,spring,minimal,gold,khaki
female,inverted_triangle,party,spring,vintage,red,beige
female,rectangle,date,summer,romantic,charcoal,navy
male,mesomorph,party,summer,traditional,white,blue
male,mesomorph,travel,autumn,casual,beige,grey
female,inverted_triangle,interview,summer,business,beige,navy
male,mesomorph,casual,spring,minimal,yellow,grey
male,trapezoid,sports,rainy,sporty,gold,navy
male,endomorph,casual,spring,casual,orange,blue
male,oval,interview,rainy,business,white,grey
female,inverted_triangle,travel,spring,minimal,lightblue,khaki
female,hourglass,party,summer,street,silver,white
male,mesomorph,formal,summer,business,white,navy
female,pear,date,rainy,minimal,beige,black
female,triangle,date,rainy,romantic,black,lightblue
male,endomorph,casual,summer,vintage,gold,charcoal
female,oval,casual,winter,street,navy,khaki
male,trapezoid,formal,autumn,business,white,black
female,rectangle,sports,winter,sporty,gold,black
female,inverted_triangle,interview,autumn,business,white,grey
female,inverted_triangle,formal,summer,formal,lightblue,black
female,hourglass,casual,rainy,vintage,charcoal,grey
male,trapezoid,date,summer,vintage,white,blue
male,trapezoid,party,winter,glam,black,grey
male,trapezoid,formal,rainy,business,beige,navy
male,trapezoid,sports,rainy,sporty,pink,black
male,trapezoid,formal,winter,business,lightblue,black
male,mesomorph,party,rainy,traditional,white,grey
female,rectangle,date,winter,romantic,maroon,cream
male,mesomorph,party,winter,street,navy,black
female,rectangle,formal,summer,business,charcoal,charcoal
female,apple,interview,spring,formal,lightblue,black
male,trapezoid,interview,summer,formal,white,navy
male,mesomorph,date,spring,romantic,gold,lightblue
female,hourglass,formal,spring,formal,beige,navy
female,pear,date,spring,minimal,grey,lightblue
male,endomorph,party,rainy,chic,black,grey
male,trapezoid,sports,summer,sporty,charcoal,black
male,mesomorph,travel,rainy,bohemian,brown,grey
male,oval,date,winter,romantic,rust,lightblue
male,oval,travel,autumn,sporty,grey,charcoal
female,pear,interview,autumn,minimal,grey,black
female,inverted_triangle,travel,spring,sporty,white,khaki
female,hourglass,casual,autumn,street,mustard,black
male,endomorph,date,rainy,minimal,cream,lightblue
male,ectomorph,travel,rainy,sporty,mustard,blue
female,pear,casual,autumn,bohemian,charcoal,black
female,rectangle,travel,rainy,minimal,darkgreen,black
male,ectomorph,casual,winter,bohemian,charcoal,black
male,trapezoid,travel,winter,minimal,mustard,black
male,mesomorph,sports,winter,sporty,pink,grey
female,oval,formal,spring,traditional,charcoal,black
female,apple,interview,rainy,formal,black,black
female,hourglass,casual,summer,bohemian,grey,cream
female,pear,casual,rainy,vintage,black,beige
male,trapezoid,party,spring,vintage,black,grey
female,apple,casual,autumn,minimal,black,cream
male,mesomorph,sports,spring,sporty,beige,grey
male,endomorph,date,spring,minimal,orange,blue
male,endomorph,interview,autumn,formal,white,black
female,inverted_triangle,interview,summer,formal,lightblue,grey
male,ectomorph,interview,rainy,formal,white,grey
male,mesomorph,formal,autumn,traditional,white,navy
female,apple,party,winter,chic,silver,black
female,triangle,formal,rainy,formal,white,charcoal
female,rectangle,date,winter,chic,darkgreen,grey
male,ectomorph,party,rainy,vintage,white,grey
male,ectomorph,travel,summer,sporty,beige,grey
female,hourglass,party,spring,traditional,yellow,white
female,inverted_triangle,date,summer,romantic,white,lightblue
female,oval,sports,spring,sporty,cream,black
female,oval,date,autumn,vintage,maroon,blue
male,mesomorph,casual,spring,vintage,silver,blue
male,oval,travel,rainy,bohemian,beige,lightblue
male,mesomorph,date,summer,vintage,peach,grey
male,trapezoid,casual,winter,street,black,white
female,inverted_triangle,date,winter,vintage,cream,white
female,hourglass,party,spring,traditional,silver,black
female,triangle,formal,rainy,formal,charcoal,charcoal
female,triangle,travel,rainy,casual,mustard,cream
male,oval,formal,autumn,formal,beige,black
male,mesomorph,travel,winter,sporty,navy,black
male,oval,travel,spring,casual,black,lightblue
male,trapezoid,interview,winter,minimal,charcoal,black
female,inverted_triangle,interview,spring,minimal,white,black
male,endomorph,casual,summer,bohemian,navy,black
male,ectomorph,sports,spring,sporty,charcoal,black
female,inverted_triangle,sports,rainy,sporty,orange,black
female,pear,sports,rainy,sporty,teal,grey
female,rectangle,party,autumn,street,silver,beige
female,hourglass,formal,summer,formal,white,grey
female,oval,party,summer,traditional,silver,black
male,oval,date,summer,vintage,peach,grey
female,hourglass,interview,autumn,minimal,white,navy
female,pear,travel,rainy,minimal,white,navy
female,hourglass,formal,spring,formal,lightblue,navy
female,apple,sports,rainy,sporty,white,black
male,ectomorph,party,spring,chic,black,blue
female,triangle,date,summer,casual,navy,grey
male,endomorph,interview,spring,formal,white,grey
female,apple,interview,summer,business,navy,navy
male,ectomorph,date,summer,vintage,lavender,blue
female,inverted_triangle,interview,winter,formal,white,black
male,mesomorph,interview,summer,formal,lightblue,grey
female,inverted_triangle,casual,spring,minimal,mint,charcoal
female,oval,formal,rainy,business,beige,navy
female,pear,casual,autumn,casual,navy,black
male,oval,interview,summer,formal,white,grey
male,oval,formal,rainy,business,black,black
male,mesomorph,travel,summer,casual,white,blue
female,apple,party,summer,traditional,black,white
female,inverted_triangle,party,summer,traditional,orange,beige
female,apple,sports,summer,sporty,pink,navy
female,hourglass,travel,spring,sporty,black,blue
male,oval,date,spring,vintage,beige,blue
male,oval,date,rainy,casual,cream,khaki
male,ectomorph,interview,autumn,formal,white,grey
female,apple,travel,winter,minimal,darkgreen,blue
female,pear,date,winter,casual,maroon,navy
female,rectangle,formal,rainy,business,white,charcoal
female,rectangle,travel,rainy,casual,grey,khaki
male,endomorph,formal,autumn,business,white,charcoal
male,mesomorph,party,spring,street,navy,blue
female,rectangle,travel,rainy,bohemian,brown,lightblue
male,mesomorph,date,winter,chic,beige,black
female,oval,sports,spring,sporty,beige,navy
male,ectomorph,party,spring,street,white,black
female,hourglass,casual,winter,bohemian,darkgreen,lightblue
male,mesomorph,date,winter,vintage,darkgreen,beige
male,ectomorph,formal,spring,traditional,cream,black
female,oval,travel,autumn,casual,navy,blue
male,trapezoid,sports,winter,sporty,pink,black
female,oval,casual,autumn,minimal,darkgreen,grey
male,oval,formal,spring,traditional,beige,grey
male,mesomorph,travel,rainy,bohemian,maroon,khaki
male,ectomorph,casual,autumn,minimal,brown,blue
female,hourglass,casual,summer,vintage,orange,black
male,ectomorph,date,summer,vintage,teal,grey
male,endomorph,party,summer,vintage,navy,grey
male,trapezoid,travel,winter,minimal,maroon,grey
female,triangle,travel,rainy,bohemian,white,black
male,trapezoid,interview,summer,minimal,white,grey
female,oval,casual,autumn,bohemian,rust,black
male,oval,party,rainy,traditional,navy,black
female,inverted_triangle,date,spring,minimal,pink,grey
female,inverted_triangle,travel,summer,bohemian,orange,black
male,endomorph,sports,autumn,sporty,yellow,black
male,trapezoid,party,summer,street,maroon,black
female,hourglass,travel,autumn,sporty,beige,beige
female,rectangle,travel,winter,minimal,navy,lightblue
female,inverted_triangle,date,winter,minimal,rust,black
female,inverted_triangle,formal,spring,formal,beige,grey
female,rectangle,sports,summer,sporty,orange,navy
male,trapezoid,interview,spring,formal,cream,navy
female,pear,travel,rainy,sporty,brown,black
female,rectangle,interview,spring,minimal,cream,black
male,mesomorph,formal,rainy,business,cream,black
female,pear,casual,spring,street,white,grey
female,inverted_triangle,travel,winter,minimal,cream,lightblue
female,inverted_triangle,casual,autumn,street,grey,cream
female,inverted_triangle,party,autumn,glam,gold,white
male,mesomorph,travel,rainy,bohemian,white,lightblue
female,hourglass,sports,summer,sporty,gold,grey
male,mesomorph,travel,winter,bohemian,white,grey
female,rectangle,party,autumn,traditional,gold,white
female,pear,party,spring,glam,pink,beige
female,apple,interview,summer,minimal,cream,black
female,triangle,party,summer,chic,pink,black
male,endomorph,interview,summer,business,white,navy
male,trapezoid,formal,rainy,business,black,black
male,oval,party,summer,vintage,black,grey
female,pear,formal,summer,formal,black,black
female,inverted_triangle,travel,summer,bohemian,navy,black
female,inverted_triangle,date,winter,casual,white,cream
male,endomorph,interview,spring,business,cream,grey
female,pear,interview,spring,minimal,white,grey
male,endomorph,interview,summer,formal,navy,navy
female,inverted_triangle,casual,spring,street,black,blue
male,ectomorph,travel,autumn,minimal,cream,beige
female,pear,interview,summer,business,white,grey
male,oval,party,summer,glam,black,black
female,triangle,sports,summer,sporty,teal,navy
male,oval,date,summer,minimal,lavender,grey
male,trapezoid,sports,rainy,sporty,charcoal,grey
female,oval,interview,winter,minimal,black,black
male,trapezoid,travel,autumn,casual,mustard,khaki
male,trapezoid,sports,winter,sporty,beige,navy
male,endomorph,date,summer,romantic,beige,grey
female,pear,sports,rainy,sporty,black,black
female,apple,travel,summer,casual,beige,white
female,rectangle,party,spring,chic,gold,beige
male,mesomorph,interview,spring,formal,navy,navy
female,rectangle,sports,winter,sporty,charcoal,grey
female,hourglass,interview,rainy,business,lightblue,grey
male,ectomorph,party,winter,glam,maroon,blue
female,rectangle,date,rainy,vintage,navy,khaki
female,apple,casual,rainy,casual,navy,khaki
male,endomorph,casual,autumn,street,grey,black
male,endomorph,formal,rainy,business,grey,grey
male,trapezoid,interview,winter,business,black,black
female,hourglass,casual,summer,vintage,white,black
male,trapezoid,casual,autumn,vintage,grey,black
female,pear,formal,rainy,formal,lightblue,grey
female,triangle,party,spring,vintage,red,beige
male,endomorph,travel,summer,casual,beige,cream
female,triangle,travel,winter,bohemian,white,charcoal
female,triangle,travel,spring,minimal,charcoal,khaki
female,hourglass,date,rainy,chic,darkgreen,black
male,oval,casual,rainy,vintage,cream,grey
male,endomorph,interview,autumn,minimal,white,black
male,endomorph,sports,rainy,sporty,yellow,grey
female,pear,date,autumn,vintage,cream,lightblue
female,apple,interview,winter,minimal,white,navy
male,mesomorph,sports,autumn,sporty,teal,navy
female,hourglass,travel,summer,minimal,silver,grey
male,oval,casual,winter,street,cream,lightblue
male,oval,travel,spring,bohemian,purple,black
female,pear,date,winter,vintage,mustard,blue
female,hourglass,interview,rainy,business,white,grey
male,ectomorph,casual,summer,bohemian,white,lightblue
female,oval,casual,rainy,vintage,white,black
male,trapezoid,casual,autumn,minimal,charcoal,khaki
female,apple,travel,rainy,sporty,cream,blue
female,pear,casual,autumn,street,maroon,blue
male,trapezoid,interview,rainy,business,white,grey
female,hourglass,formal,winter,traditional,beige,grey
male,oval,sports,spring,sporty,grey,grey
female,rectangle,sports,winter,sporty,silver,black
female,oval,sports,autumn,sporty,black,navy
female,hourglass,formal,winter,business,grey,grey
male,mesomorph,travel,autumn,bohemian,white,cream
female,inverted_triangle,travel,summer,minimal,beige,lightblue
female,pear,interview,spring,formal,white,navy
male,trapezoid,travel,spring,casual,grey,black
male,ectomorph,interview,winter,business,white,navy
male,oval,sports,autumn,sporty,grey,grey
female,triangle,date,autumn,casual,beige,khaki
male,endomorph,formal,rainy,traditional,white,charcoal
female,triangle,interview,autumn,formal,white,grey
male,ectomorph,interview,rainy,minimal,grey,black
female,pear,date,autumn,minimal,maroon,black
male,endomorph,date,rainy,romantic,cream,black
female,apple,travel,spring,minimal,white,blue
male,ectomorph,casual,summer,casual,beige,black
male,oval,interview,rainy,business,white,black
female,triangle,interview,summer,minimal,grey,black
female,oval,sports,spring,sporty,teal,black
female,oval,party,summer,traditional,pink,beige
female,hourglass,date,summer,minimal,white,grey
female,apple,casual,spring,casual,peach,black
female,inverted_triangle,date,rainy,casual,beige,navy
male,oval,travel,spring,bohemian,charcoal,navy
female,inverted_triangle,party,spring,traditional,gold,beige
female,pear,formal,rainy,formal,white,navy
male,oval,sports,winter,sporty,red,grey
female,triangle,casual,winter,vintage,brown,black
female,pear,formal,autumn,business,lightblue,black
male,endomorph,formal,winter,traditional,white,charcoal
female,rectangle,formal,autumn,traditional,white,black
male,mesomorph,formal,summer,formal,white,grey
female,inverted_triangle,travel,winter,bohemian,mustard,grey
female,pear,travel,autumn,sporty,beige,black
male,trapezoid,sports,rainy,sporty,orange,black
female,rectangle,sports,rainy,sporty,black,navy
female,oval,date,spring,casual,pink,grey
female,triangle,casual,winter,vintage,charcoal,white
male,endomorph,travel,autumn,casual,brown,black
female,rectangle,date,spring,chic,peach,lightblue
male,trapezoid,party,autumn,vintage,maroon,black
male,endomorph,date,autumn,chic,black,navy
male,endomorph,formal,summer,traditional,lightblue,navy
female,oval,travel,spring,bohemian,grey,beige
male,oval,interview,spring,business,charcoal,charcoal
female,pear,travel,spring,bohemian,purple,white
male,oval,travel,spring,casual,silver,grey
male,mesomorph,party,autumn,traditional,navy,blue
female,rectangle,interview,summer,formal,charcoal,charcoal
male,trapezoid,party,winter,chic,white,blue
female,oval,date,spring,vintage,peach,khaki
female,rectangle,party,autumn,street,silver,black
male,oval,interview,autumn,formal,charcoal,charcoal
male,endomorph,interview,summer,minimal,cream,black
male,endomorph,interview,spring,minimal,white,grey
female,pear,casual,autumn,vintage,darkgreen,black
male,trapezoid,interview,summer,formal,black,black
male,oval,sports,summer,sporty,pink,navy
male,trapezoid,sports,autumn,sporty,gold,navy
male,endomorph,date,winter,romantic,white,grey
male,oval,travel,winter,minimal,brown,lightblue
male,oval,sports,autumn,sporty,pink,navy
female,oval,casual,summer,minimal,charcoal,black
female,oval,sports,rainy,sporty,black,black
female,hourglass,casual,summer,street,teal,khaki
male,ectomorph,sports,spring,sporty,charcoal,black
female,inverted_triangle,date,rainy,minimal,black,black
female,triangle,formal,autumn,traditional,black,black
female,triangle,interview,winter,business,white,black
female,rectangle,date,winter,romantic,brown,grey
male,endomorph,casual,winter,bohemian,charcoal,black
male,oval,interview,rainy,minimal,white,charcoal
male,endomorph,travel,winter,sporty,mustard,black
male,trapezoid,date,spring,minimal,charcoal,lightblue
female,hourglass,travel,spring,bohemian,purple,black
female,inverted_triangle,formal,winter,business,grey,grey
male,trapezoid,formal,rainy,traditional,navy,black
male,trapezoid,travel,summer,bohemian,orange,lightblue
female,rectangle,sports,rainy,sporty,navy,grey
male,mesomorph,sports,spring,sporty,pink,black
male,mesomorph,party,autumn,street,black,grey
male,endomorph,interview,winter,minimal,white,navy
male,mesomorph,sports,spring,sporty,teal,grey
female,pear,formal,winter,business,white,black
male,oval,date,autumn,romantic,darkgreen,lightblue
male,trapezoid,interview,spring,minimal,navy,black
male,endomorph,sports,rainy,sporty,grey,grey
female,apple,party,rainy,vintage,silver,white
male,mesomorph,travel,rainy,sporty,cream,khaki
male,ectomorph,sports,rainy,sporty,white,navy
male,oval,sports,summer,sporty,red,black
male,trapezoid,date,winter,chic,black,grey
male,trapezoid,party,spring,street,black,grey
female,oval,date,summer,minimal,lavender,navy
female,apple,casual,rainy,street,beige,navy
male,oval,party,autumn,street,white,grey
male,ectomorph,sports,winter,sporty,black,navy
female,inverted_triangle,sports,rainy,sporty,gold,navy
female,hourglass,interview,spring,business,grey,grey
female,inverted_triangle,interview,autumn,minimal,white,grey
female,pear,interview,summer,business,grey,grey
female,rectangle,interview,spring,business,lightblue,navy
female,triangle,interview,summer,business,white,charcoal
female,inverted_triangle,formal,summer,traditional,lightblue,grey
male,mesomorph,date,spring,vintage,beige,black
male,trapezoid,casual,spring,bohemian,orange,navy
male,oval,travel,summer,minimal,orange,khaki
female,triangle,travel,spring,casual,beige,khaki
male,ectomorph,interview,summer,business,cream,navy
male,mesomorph,date,rainy,vintage,black,blue
female,pear,travel,summer,casual,cream,khaki
female,oval,party,winter,traditional,red,beige
male,oval,formal,winter,formal,beige,grey
male,endomorph,party,autumn,vintage,maroon,grey
female,apple,date,winter,vintage,black,khaki
male,mesomorph,travel,summer,bohemian,red,black
male,mesomorph,casual,winter,casual,beige,black
male,endomorph,date,autumn,chic,black,lightblue
male,oval,formal,autumn,business,beige,navy
female,inverted_triangle,casual,winter,street,navy,grey
male,mesomorph,party,autumn,glam,maroon,blue
male,mesomorph,sports,rainy,sporty,charcoal,black
female,triangle,date,autumn,minimal,brown,grey
female,pear,casual,summer,street,black,grey
female,rectangle,formal,autumn,business,white,black
male,trapezoid,formal,summer,business,cream,grey
female,rectangle,interview,spring,formal,grey,grey
male,trapezoid,interview,autumn,formal,charcoal,charcoal
male,endomorph,sports,spring,sporty,gold,navy
male,trapezoid,sports,winter,sporty,purple,grey
male,mesomorph,travel,rainy,minimal,beige,khaki
female,pear,formal,rainy,traditional,white,navy
female,pear,casual,autumn,casual,rust,blue
male,oval,casual,spring,minimal,purple,white
female,inverted_triangle,casual,spring,bohemian,pink,charcoal
female,inverted_triangle,party,spring,glam,yellow,white
female,hourglass,formal,rainy,formal,white,black
female,inverted_triangle,formal,rainy,traditional,navy,black
male,ectomorph,party,spring,glam,black,blue
male,trapezoid,date,spring,casual,white,black
male,oval,party,spring,chic,navy,grey
male,trapezoid,date,spring,minimal,charcoal,black
female,rectangle,sports,summer,sporty,white,navy
male,oval,casual,rainy,bohemian,charcoal,lightblue
female,inverted_triangle,sports,winter,sporty,red,grey
female,apple,interview,winter,minimal,lightblue,grey
male,mesomorph,party,winter,vintage,maroon,blue
female,oval,sports,winter,sporty,silver,grey
male,oval,travel,spring,bohemian,lightblue,navy
female,inverted_triangle,interview,winter,business,white,charcoal
female,oval,date,winter,chic,mustard,khaki
male,endomorph,sports,rainy,sporty,gold,black
male,oval,casual,winter,vintage,cream,black
female,apple,sports,spring,sporty,orange,grey
male,ectomorph,casual,autumn,street,rust,charcoal
male,ectomorph,party,rainy,chic,black,blue
female,inverted_triangle,date,summer,vintage,silver,black
male,trapezoid,interview,summer,business,charcoal,charcoal
female,pear,travel,winter,casual,beige,grey
male,ectomorph,casual,rainy,street,rust,blue
male,ectomorph,interview,summer,minimal,cream,grey
male,mesomorph,travel,spring,minimal,peach,white
female,apple,formal,spring,traditional,lightblue,navy
male,oval,sports,summer,sporty,cream,black
male,endomorph,date,winter,chic,navy,khaki
female,triangle,interview,winter,formal,white,black
female,apple,sports,rainy,sporty,pink,navy
male,trapezoid,party,spring,vintage,maroon,blue
male,oval,sports,winter,sporty,navy,black
female,triangle,formal,autumn,formal,navy,navy
male,mesomorph,date,spring,minimal,teal,khaki
male,oval,formal,autumn,traditional,white,black
male,mesomorph,party,rainy,traditional,black,black
female,apple,date,autumn,chic,darkgreen,lightblue
female,inverted_triangle,date,spring,chic,beige,grey
male,mesomorph,sports,summer,sporty,black,black
male,oval,sports,winter,sporty,grey,black
female,hourglass,casual,autumn,bohemian,charcoal,black
female,triangle,sports,autumn,sporty,navy,navy
male,ectomorph,party,winter,chic,black,blue
male,endomorph,date,summer,vintage,lavender,white
male,endomorph,party,summer,street,black,blue
female,inverted_triangle,sports,summer,sporty,red,navy
male,ectomorph,party,spring,vintage,navy,black
female,triangle,party,rainy,vintage,teal,white
female,rectangle,formal,rainy,formal,navy,navy
male,ectomorph,formal,autumn,traditional,navy,black
female,rectangle,formal,rainy,traditional,white,charcoal
female,triangle,casual,winter,minimal,black,grey
male,trapezoid,date,winter,romantic,navy,khaki
female,triangle,interview,rainy,minimal,white,navy
female,apple,formal,summer,formal,white,black
male,endomorph,interview,autumn,business,white,navy
female,apple,interview,autumn,minimal,white,charcoal
female,inverted_triangle,date,summer,chic,cream,grey
female,triangle,interview,spring,minimal,black,black
female,hourglass,sports,autumn,sporty,cream,navy
male,mesomorph,date,rainy,minimal,charcoal,black
male,ectomorph,sports,rainy,sporty,yellow,grey
male,mesomorph,sports,rainy,sporty,black,grey
male,oval,travel,autumn,minimal,navy,khaki
female,rectangle,party,rainy,vintage,purple,beige
female,oval,travel,rainy,minimal,mustard,black
female,triangle,casual,winter,casual,white,black
female,hourglass,travel,rainy,bohemian,cream,white
male,oval,date,rainy,minimal,rust,black
male,oval,travel,spring,bohemian,teal,navy
male,trapezoid,date,autumn,casual,cream,white
female,pear,casual,autumn,vintage,cream,blue
female,inverted_triangle,party,winter,vintage,teal,white
female,apple,sports,summer,sporty,orange,black
male,mesomorph,interview,summer,formal,lightblue,black
male,ectomorph,travel,winter,sporty,black,black
female,inverted_triangle,formal,spring,formal,white,black
male,oval,party,winter,glam,maroon,grey
male,trapezoid,interview,summer,business,white,navy
male,mesomorph,date,autumn,vintage,brown,lightblue
female,rectangle,interview,spring,formal,white,grey
female,inverted_triangle,formal,winter,formal,beige,grey
female,triangle,travel,spring,sporty,pink,grey
female,triangle,interview,spring,minimal,grey,black
female,triangle,casual,autumn,vintage,black,khaki
female,apple,party,autumn,street,yellow,white
female,inverted_triangle,formal,winter,traditional,white,grey
female,rectangle,formal,spring,traditional,grey,black
male,oval,formal,rainy,formal,black,black
male,trapezoid,casual,winter,street,navy,black
male,ectomorph,casual,rainy,street,charcoal,lightblue
male,endomorph,casual,summer,casual,white,khaki
female,inverted_triangle,interview,rainy,formal,white,black
male,ectomorph,casual,winter,vintage,beige,black
male,endomorph,date,spring,vintage,charcoal,khaki
male,endomorph,formal,spring,formal,cream,navy
male,trapezoid,sports,autumn,sporty,beige,navy
male,ectomorph,interview,spring,business,white,black
female,pear,party,spring,glam,silver,white
female,rectangle,formal,spring,traditional,navy,black
female,pear,party,summer,traditional,gold,black
female,oval,formal,summer,formal,white,navy
male,endomorph,formal,autumn,traditional,lightblue,black
male,mesomorph,sports,summer,sporty,white,navy
female,hourglass,date,autumn,vintage,brown,grey
male,endomorph,travel,autumn,sporty,black,grey
female,oval,sports,spring,sporty,purple,black
female,inverted_triangle,interview,rainy,minimal,white,black
female,apple,sports,spring,sporty,beige,black
female,inverted_triangle,sports,winter,sporty,teal,navy
male,trapezoid,formal,summer,traditional,charcoal,black
female,hourglass,date,summer,romantic,navy,khaki
female,rectangle,formal,summer,business,grey,grey
female,rectangle,casual,autumn,street,mustard,blue
female,hourglass,formal,summer,traditional,white,charcoal
female,rectangle,travel,rainy,sporty,charcoal,grey
male,mesomorph,travel,rainy,minimal,grey,lightblue
male,endomorph,sports,autumn,sporty,cream,navy
male,trapezoid,casual,autumn,bohemian,cream,blue
female,pear,sports,winter,sporty,beige,grey
female,pear,date,rainy,vintage,mustard,charcoal
male,trapezoid,casual,autumn,street,navy,lightblue
male,endomorph,travel,summer,casual,white,beige
male,trapezoid,casual,winter,casual,beige,black
female,oval,sports,rainy,sporty,silver,grey
male,mesomorph,date,spring,chic,peach,lightblue
male,mesomorph,travel,spring,casual,white,black
male,mesomorph,travel,spring,casual,beige,lightblue
male,oval,interview,autumn,minimal,navy,black
male,endomorph,travel,rainy,bohemian,brown,lightblue
female,inverted_triangle,formal,rainy,traditional,lightblue,grey
female,triangle,sports,autumn,sporty,navy,black
female,inverted_triangle,date,winter,vintage,black,charcoal
male,endomorph,party,winter,chic,black,black
male,trapezoid,sports,summer,sporty,gold,grey
female,triangle,casual,autumn,street,darkgreen,khaki
female,oval,sports,autumn,sporty,white,grey
male,oval,date,autumn,chic,charcoal,black
male,trapezoid,date,summer,minimal,beige,lightblue
female,inverted_triangle,casual,spring,casual,beige,black
male,oval,date,summer,casual,pink,black
female,pear,formal,autumn,traditional,white,navy
male,mesomorph,interview,autumn,business,white,navy
male,oval,party,summer,street,maroon,blue
male,mesomorph,casual,rainy,vintage,navy,lightblue
female,inverted_triangle,interview,rainy,minimal,white,navy
female,inverted_triangle,travel,autumn,casual,cream,khaki
female,oval,casual,summer,casual,black,grey
female,oval,date,summer,vintage,mint,khaki
male,oval,party,summer,chic,navy,black
female,apple,formal,autumn,traditional,white,black
male,trapezoid,sports,rainy,sporty,purple,black
male,trapezoid,date,winter,chic,mustard,grey
female,pear,travel,autumn,bohemian,mustard,blue
female,inverted_triangle,party,spring,street,red,beige
male,ectomorph,casual,winter,street,rust,khaki
female,pear,formal,autumn,business,charcoal,charcoal
female,hourglass,casual,winter,minimal,white,cream
female,rectangle,sports,rainy,sporty,beige,black
female,rectangle,casual,winter,minimal,grey,blue
male,trapezoid,formal,summer,formal,cream,navy
male,trapezoid,sports,autumn,sporty,cream,grey
male,ectomorph,sports,winter,sporty,pink,black
female,pear,travel,spring,minimal,grey,khaki
male,mesomorph,party,winter,chic,maroon,black
female,oval,party,spring,vintage,teal,black
female,pear,interview,spring,formal,white,black
male,endomorph,interview,autumn,minimal,white,grey
female,rectangle,formal,summer,formal,white,black
female,apple,date,summer,casual,cream,black
female,rectangle,casual,autumn,casual,maroon,grey
female,pear,formal,spring,formal,white,navy
female,rectangle,sports,spring,sporty,navy,black
male,ectomorph,interview,winter,formal,cream,black
female,rectangle,formal,spring,traditional,grey,black
male,mesomorph,formal,winter,business,beige,black
male,mesomorph,interview,autumn,business,white,navy
male,ectomorph,travel,winter,sporty,maroon,blue
male,oval,sports,spring,sporty,white,black
female,apple,party,spring,chic,yellow,beige
female,pear,party,spring,glam,gold,black
female,apple,casual,autumn,casual,mustard,blue
male,ectomorph,sports,summer,sporty,silver,grey
male,mesomorph,party,winter,glam,white,grey
female,inverted_triangle,interview,rainy,formal,cream,navy
female,inverted_triangle,interview,winter,business,beige,grey
male,mesomorph,interview,rainy,business,charcoal,charcoal
female,apple,travel,winter,casual,grey,white
male,trapezoid,party,autumn,street,black,blue
female,hourglass,travel,summer,casual,teal,black
male,endomorph,casual,autumn,casual,beige,khaki
male,trapezoid,casual,rainy,street,maroon,lightblue
male,oval,sports,rainy,sporty,orange,black
male,mesomorph,date,winter,chic,navy,khaki
male,mesomorph,travel,winter,minimal,beige,black
male,mesomorph,date,summer,minimal,teal,lightblue
female,oval,interview,autumn,minimal,navy,black
female,apple,party,summer,chic,red,black
female,inverted_triangle,travel,winter,sporty,grey,black
female,triangle,party,summer,vintage,yellow,black
female,pear,travel,spring,minimal,silver,black
male,mesomorph,sports,spring,sporty,cream,black
female,apple,party,spring,vintage,silver,black
male,oval,date,autumn,chic,beige,black
male,oval,party,winter,vintage,maroon,blue
female,hourglass,sports,summer,sporty,orange,grey
female,hourglass,casual,winter,bohemian,navy,black
female,pear,formal,spring,business,navy,navy
female,hourglass,date,winter,romantic,darkgreen,khaki
male,ectomorph,date,rainy,casual,black,grey
female,hourglass,sports,autumn,sporty,navy,navy
female,rectangle,travel,winter,bohemian,cream,charcoal
female,pear,sports,winter,sporty,yellow,navy
male,mesomorph,sports,summer,sporty,pink,navy
female,apple,interview,summer,business,beige,grey
female,pear,interview,rainy,business,white,grey
male,endomorph,interview,rainy,minimal,white,grey
male,oval,formal,winter,formal,grey,grey
male,ectomorph,casual,rainy,bohemian,rust,lightblue
male,endomorph,travel,rainy,sporty,beige,black
female,hourglass,date,spring,romantic,purple,grey
female,apple,party,rainy,street,red,white
female,hourglass,interview,spring,minimal,navy,black
male,endomorph,date,autumn,minimal,white,cream
female,oval,interview,rainy,formal,charcoal,charcoal
male,oval,travel,rainy,minimal,charcoal,black
female,rectangle,formal,rainy,traditional,beige,navy
female,rectangle,party,spring,chic,red,black
male,ectomorph,travel,summer,sporty,cream,lightblue
male,mesomorph,interview,autumn,minimal,grey,black
female,rectangle,date,summer,casual,gold,black
male,trapezoid,sports,rainy,sporty,orange,grey
female,apple,formal,rainy,business,white,black
female,oval,date,summer,casual,peach,khaki
male,mesomorph,formal,spring,formal,black,black
female,apple,date,autumn,minimal,black,lightblue
female,pear,sports,summer,sporty,grey,grey
female,triangle,date,autumn,romantic,navy,grey
male,endomorph,party,autumn,glam,navy,blue
male,endomorph,travel,autumn,casual,beige,khaki
female,hourglass,casual,winter,bohemian,darkgreen,black
female,pear,party,spring,street,red,black
female,oval,party,summer,glam,teal,white
male,ectomorph,formal,rainy,formal,white,grey
male,trapezoid,formal,winter,traditional,beige,grey
female,triangle,date,summer,minimal,yellow,white
female,oval,interview,spring,minimal,navy,black
female,rectangle,casual,winter,street,mustard,grey
female,triangle,travel,rainy,bohemian,brown,white
female,inverted_triangle,formal,winter,formal,white,charcoal
male,oval,interview,winter,minimal,navy,black
male,mesomorph,interview,autumn,formal,white,black
male,mesomorph,sports,winter,sporty,grey,grey
male,ectomorph,sports,autumn,sporty,white,black
female,pear,formal,summer,business,grey,grey
female,triangle,interview,summer,business,beige,black
female,hourglass,formal,autumn,formal,cream,black
male,ectomorph,interview,spring,formal,cream,black
male,endomorph,party,summer,chic,black,grey
female,oval,sports,autumn,sporty,gold,grey
female,inverted_triangle,date,summer,chic,orange,black
male,trapezoid,casual,summer,street,red,beige
female,triangle,sports,summer,sporty,navy,black
female,pear,formal,autumn,formal,white,grey
female,oval,interview,autumn,formal,charcoal,charcoal
female,pear,sports,spring,sporty,yellow,grey
male,ectomorph,sports,autumn,sporty,white,navy
female,pear,casual,rainy,vintage,rust,blue
male,mesomorph,interview,summer,formal,white,grey
male,mesomorph,sports,summer,sporty,black,grey
female,oval,date,rainy,casual,darkgreen,blue
female,oval,casual,rainy,casual,darkgreen,black
female,inverted_triangle,travel,autumn,minimal,black,blue
female,apple,interview,winter,minimal,white,navy
male,ectomorph,party,autumn,vintage,navy,blue
female,hourglass,travel,autumn,bohemian,grey,black
female,hourglass,travel,spring,casual,silver,black
female,inverted_triangle,party,summer,vintage,black,black
male,oval,interview,summer,business,white,grey
female,pear,interview,spring,business,charcoal,charcoal
female,apple,interview,autumn,formal,grey,grey
male,endomorph,sports,autumn,sporty,silver,black
female,triangle,casual,autumn,bohemian,maroon,blue
female,oval,sports,autumn,sporty,yellow,grey
female,hourglass,formal,summer,traditional,white,black
male,mesomorph,date,autumn,vintage,cream,black
male,ectomorph,interview,spring,business,beige,black
female,triangle,interview,winter,formal,white,navy
male,mesomorph,travel,rainy,minimal,charcoal,lightblue
male,ectomorph,interview,winter,formal,white,grey
male,ectomorph,party,rainy,vintage,maroon,black
female,pear,party,winter,chic,purple,black
female,rectangle,party,spring,traditional,red,black
female,oval,casual,rainy,street,charcoal,black
female,apple,date,autumn,minimal,charcoal,blue
male,trapezoid,sports,winter,sporty,navy,grey
female,oval,party,winter,vintage,silver,black
male,endomorph,date,rainy,minimal,black,black
female,apple,formal,spring,traditional,charcoal,black
female,triangle,travel,autumn,casual,grey,black
male,trapezoid,interview,winter,business,lightblue,black
female,hourglass,party,spring,vintage,silver,beige
female,oval,formal,winter,formal,charcoal,charcoal
male,trapezoid,formal,summer,traditional,cream,navy
female,inverted_triangle,date,rainy,romantic,maroon,blue
male,mesomorph,formal,autumn,traditional,beige,black
female,apple,travel,autumn,minimal,maroon,grey
male,ectomorph,sports,spring,sporty,silver,grey
male,endomorph,formal,summer,business,white,navy
female,hourglass,travel,winter,minimal,black,grey
male,mesomorph,travel,autumn,sporty,charcoal,grey
female,inverted_triangle,travel,autumn,sporty,brown,cream
female,pear,formal,winter,traditional,beige,grey
female,inverted_triangle,formal,rainy,traditional,cream,grey
female,oval,sports,winter,sporty,red,black
female,oval,sports,spring,sporty,purple,navy
female,triangle,sports,winter,sporty,navy,navy
male,ectomorph,interview,rainy,minimal,white,charcoal
female,hourglass,interview,spring,minimal,white,charcoal
male,mesomorph,interview,rainy,minimal,white,navy
female,rectangle,travel,winter,minimal,beige,lightblue
female,oval,date,spring,vintage,lavender,black
female,inverted_triangle,sports,spring,sporty,white,black
female,triangle,casual,winter,street,navy,white
male,endomorph,party,summer,vintage,white,blue
female,triangle,date,summer,vintage,beige,black
female,hourglass,sports,winter,sporty,orange,black
male,trapezoid,date,autumn,minimal,navy,black
female,hourglass,formal,spring,formal,black,black
female,triangle,date,spring,minimal,white,lightblue
male,mesomorph,formal,spring,formal,white,black
male,ectomorph,sports,winter,sporty,yellow,navy
female,inverted_triangle,travel,rainy,sporty,charcoal,charcoal
male,mesomorph,sports,autumn,sporty,gold,navy
female,rectangle,travel,summer,casual,gold,lightblue
male,mesomorph,sports,rainy,sporty,orange,grey
male,oval,party,summer,street,white,blue
male,ectomorph,interview,spring,minimal,lightblue,grey
male,trapezoid,formal,rainy,traditional,white,navy
female,rectangle,formal,summer,traditional,white,grey
male,ectomorph,formal,autumn,traditional,beige,grey
male,endomorph,sports,winter,sporty,red,black
female,triangle,interview,winter,minimal,cream,navy
female,oval,sports,spring,sporty,silver,navy
female,rectangle,date,rainy,minimal,grey,black
male,trapezoid,interview,rainy,minimal,charcoal,black
female,oval,casual,winter,casual,navy,khaki
male,trapezoid,travel,rainy,minimal,charcoal,navy
female,inverted_triangle,formal,rainy,formal,navy,navy
female,apple,sports,rainy,sporty,pink,black
male,trapezoid,date,spring,casual,teal,cream
female,oval,date,winter,chic,cream,beige
female,triangle,formal,spring,traditional,cream,black
female,hourglass,party,summer,street,red,beige
male,oval,date,spring,chic,pink,black
male,ectomorph,travel,summer,bohemian,yellow,grey
female,apple,party,winter,street,red,white
female,inverted_triangle,casual,winter,minimal,black,charcoal
female,pear,casual,rainy,street,maroon,khaki
male,ectomorph,sports,rainy,sporty,teal,navy
female,oval,travel,autumn,sporty,grey,khaki
female,rectangle,travel,autumn,casual,charcoal,black
male,ectomorph,casual,winter,minimal,brown,khaki
female,rectangle,casual,winter,minimal,navy,khaki
male,oval,interview,rainy,minimal,navy,black
male,ectomorph,interview,autumn,minimal,cream,grey
female,apple,travel,spring,sporty,gold,khaki
male,trapezoid,travel,summer,sporty,mint,grey
female,triangle,date,autumn,minimal,charcoal,white
female,pear,party,winter,traditional,yellow,white
male,ectomorph,travel,rainy,minimal,black,blue
male,endomorph,date,summer,casual,pink,black
male,oval,travel,rainy,minimal,charcoal,khaki
female,pear,formal,winter,business,lightblue,grey
male,oval,formal,spring,traditional,navy,black
male,oval,formal,autumn,traditional,lightblue,grey
female,inverted_triangle,party,autumn,street,gold,white
female,oval,date,rainy,minimal,mustard,grey
male,mesomorph,travel,winter,bohemian,black,beige
male,ectomorph,casual,winter,vintage,black,white
female,oval,formal,spring,traditional,charcoal,black
male,ectomorph,party,autumn,vintage,navy,blue
male,endomorph,date,spring,minimal,purple,grey
female,inverted_triangle,interview,spring,formal,lightblue,black
female,triangle,interview,rainy,business,white,navy
male,trapezoid,formal,autumn,formal,charcoal,charcoal
female,inverted_triangle,party,spring,street,silver,white
female,inverted_triangle,casual,winter,minimal,black,black
female,inverted_triangle,casual,spring,vintage,white,black
male,mesomorph,casual,winter,vintage,rust,blue
female,hourglass,casual,autumn,casual,navy,grey
female,pear,party,spring,traditional,teal,beige
male,ectomorph,formal,winter,formal,lightblue,grey
male,oval,interview,spring,business,white,navy
male,mesomorph,date,winter,vintage,navy,black
female,hourglass,travel,winter,casual,maroon,grey
female,pear,travel,rainy,minimal,beige,black
female,inverted_triangle,formal,autumn,formal,white,charcoal
female,rectangle,casual,spring,minimal,mint,black
male,mesomorph,date,winter,romantic,black,black
male,mesomorph,casual,rainy,casual,charcoal,grey
male,endomorph,travel,summer,sporty,purple,white
male,oval,travel,autumn,minimal,white,grey
female,apple,formal,rainy,business,black,black
male,mesomorph,party,winter,street,white,grey
male,oval,sports,spring,sporty,navy,grey
male,mesomorph,casual,summer,street,orange,khaki
male,endomorph,travel,rainy,bohemian,maroon,khaki
male,oval,sports,summer,sporty,silver,grey
female,triangle,party,winter,chic,silver,beige
male,trapezoid,sports,rainy,sporty,white,navy
male,mesomorph,formal,rainy,traditional,white,black
male,endomorph,casual,summer,bohemian,black,cream
male,trapezoid,travel,rainy,sporty,cream,navy
female,hourglass,casual,rainy,vintage,white,navy
female,rectangle,sports,autumn,sporty,teal,navy
male,ectomorph,date,autumn,vintage,brown,blue
female,pear,party,summer,chic,silver,white
male,ectomorph,date,autumn,vintage,rust,grey
female,apple,party,spring,chic,red,black
male,mesomorph,party,winter,glam,navy,black
male,ectomorph,party,spring,traditional,navy,blue
male,endomorph,travel,winter,casual,brown,black
male,mesomorph,sports,summer,sporty,grey,grey
female,hourglass,party,summer,glam,silver,white
male,endomorph,travel,spring,casual,grey,beige
female,triangle,travel,summer,minimal,navy,cream
male,oval,party,rainy,glam,white,blue
female,hourglass,travel,winter,minimal,charcoal,black
female,apple,formal,summer,traditional,grey,black
male,ectomorph,party,winter,chic,white,grey
male,ectomorph,date,autumn,romantic,mustard,grey
male,trapezoid,party,summer,street,navy,black
female,pear,sports,summer,sporty,gold,navy
female,triangle,formal,spring,business,white,black
female,oval,interview,autumn,business,charcoal,charcoal
female,rectangle,travel,autumn,casual,rust,khaki
female,oval,formal,spring,business,white,grey
male,trapezoid,party,spring,chic,white,black
male,oval,sports,rainy,sporty,pink,grey
male,oval,travel,winter,sporty,charcoal,black
female,rectangle,casual,rainy,minimal,charcoal,blue
male,ectomorph,sports,rainy,sporty,grey,navy
female,oval,party,rainy,street,orange,black
female,rectangle,interview,autumn,minimal,white,charcoal
female,hourglass,date,rainy,minimal,black,khaki
female,apple,formal,spring,traditional,white,grey
male,endomorph,casual,spring,casual,grey,lightblue
male,ectomorph,travel,spring,casual,mint,navy
male,oval,date,winter,vintage,white,charcoal
female,inverted_triangle,party,autumn,glam,purple,white
male,mesomorph,travel,spring,casual,navy,grey
male,endomorph,casual,winter,minimal,cream,charcoal
male,ectomorph,formal,summer,business,white,grey
male,oval,party,autumn,street,navy,grey
male,ectomorph,travel,summer,minimal,beige,black
male,trapezoid,date,winter,casual,beige,lightblue
female,rectangle,sports,autumn,sporty,charcoal,grey
male,endomorph,travel,spring,bohemian,purple,lightblue
male,ectomorph,travel,summer,bohemian,yellow,black
male,oval,sports,autumn,sporty,teal,grey
female,inverted_triangle,casual,rainy,bohemian,cream,black
male,ectomorph,date,summer,chic,orange,charcoal
female,oval,formal,autumn,business,beige,black
male,endomorph,sports,rainy,sporty,beige,grey
male,endomorph,sports,spring,sporty,purple,black
male,trapezoid,party,summer,street,white,blue
male,trapezoid,sports,winter,sporty,white,grey
female,hourglass,formal,summer,traditional,black,black
female,rectangle,party,spring,glam,yellow,black
female,hourglass,travel,summer,minimal,lightblue,khaki
female,pear,date,spring,vintage,silver,beige
male,trapezoid,interview,rainy,business,white,navy
male,ectomorph,interview,summer,formal,white,grey
female,oval,sports,rainy,sporty,cream,navy
male,oval,travel,winter,bohemian,brown,grey
female,triangle,interview,rainy,business,navy,navy
female,inverted_triangle,sports,spring,sporty,yellow,navy
female,oval,formal,winter,business,cream,black
male,trapezoid,date,rainy,minimal,darkgreen,black
female,apple,date,summer,chic,lightblue,navy
male,oval,date,summer,casual,lightblue,charcoal
male,mesomorph,sports,summer,sporty,purple,black
male,endomorph,casual,autumn,vintage,navy,black
female,inverted_triangle,date,autumn,casual,maroon,cream
female,oval,formal,winter,traditional,white,black
female,inverted_triangle,casual,autumn,bohemian,maroon,black
female,rectangle,casual,rainy,bohemian,grey,beige
male,ectomorph,party,spring,glam,white,grey
female,triangle,formal,winter,traditional,white,navy
male,endomorph,travel,summer,sporty,red,lightblue
female,apple,date,autumn,chic,black,charcoal
male,trapezoid,date,spring,romantic,lightblue,black
female,oval,travel,rainy,casual,darkgreen,beige
male,mesomorph,formal,rainy,formal,white,navy
female,triangle,date,rainy,vintage,black,grey
female,apple,formal,summer,formal,charcoal,charcoal
female,hourglass,sports,summer,sporty,pink,navy
female,hourglass,formal,autumn,business,grey,grey
male,ectomorph,travel,autumn,sporty,black,khaki
female,inverted_triangle,casual,winter,street,rust,black
female,oval,sports,winter,sporty,white,grey
female,apple,formal,autumn,formal,charcoal,charcoal
female,oval,sports,spring,sporty,charcoal,grey
male,mesomorph,casual,autumn,vintage,beige,black
female,rectangle,date,autumn,vintage,grey,black
male,endomorph,party,autumn,chic,navy,blue
male,oval,sports,spring,sporty,yellow,grey
male,trapezoid,interview,winter,formal,white,charcoal
female,apple,travel,winter,minimal,navy,black
female,oval,interview,spring,formal,beige,grey
female,apple,date,rainy,romantic,white,grey
female,oval,party,spring,traditional,red,beige
female,rectangle,sports,winter,sporty,navy,black
female,apple,sports,autumn,sporty,purple,navy
male,endomorph,sports,spring,sporty,white,grey
female,rectangle,casual,winter,street,brown,grey
female,rectangle,interview,spring,formal,white,charcoal
female,rectangle,interview,rainy,minimal,white,grey
male,endomorph,casual,summer,minimal,purple,black
female,apple,formal,winter,business,beige,navy
male,oval,date,spring,casual,gold,lightblue
female,rectangle,travel,summer,casual,charcoal,grey
male,mesomorph,travel,winter,casual,white,black
male,mesomorph,travel,autumn,casual,black,black
female,apple,date,autumn,casual,navy,black
female,oval,travel,spring,casual,white,black
female,pear,travel,winter,sporty,charcoal,charcoal
male,ectomorph,party,winter,chic,maroon,grey
female,rectangle,casual,summer,casual,red,blue
female,triangle,date,spring,chic,navy,beige
male,endomorph,formal,autumn,formal,grey,grey
female,rectangle,interview,rainy,formal,lightblue,black
female,inverted_triangle,interview,rainy,business,beige,grey
female,triangle,sports,summer,sporty,white,black
female,hourglass,travel,winter,bohemian,brown,khaki
male,ectomorph,party,rainy,vintage,white,grey
male,endomorph,travel,autumn,minimal,mustard,blue
female,hourglass,travel,winter,bohemian,white,cream
female,oval,formal,summer,formal,white,grey
male,ectomorph,casual,winter,bohemian,grey,beige
male,oval,formal,autumn,formal,white,navy
female,rectangle,party,spring,vintage,yellow,beige
female,triangle,interview,summer,formal,white,grey
female,apple,casual,spring,street,silver,black
male,mesomorph,party,spring,glam,black,black
male,mesomorph,party,spring,vintage,navy,grey
female,hourglass,sports,winter,sporty,black,grey
female,triangle,interview,spring,minimal,white,grey
male,endomorph,travel,summer,minimal,yellow,khaki
male,oval,sports,spring,sporty,teal,black
male,oval,party,spring,vintage,black,grey
male,ectomorph,sports,summer,sporty,navy,grey
male,oval,interview,spring,minimal,grey,black
female,rectangle,interview,summer,formal,white,navy
female,rectangle,sports,autumn,sporty,black,navy
male,ectomorph,interview,summer,business,cream,grey
female,pear,sports,summer,sporty,grey,grey
male,endomorph,party,autumn,street,maroon,blue
male,endomorph,sports,autumn,sporty,white,grey
male,trapezoid,travel,winter,bohemian,white,black
female,hourglass,interview,spring,minimal,white,navy
male,mesomorph,formal,summer,business,lightblue,black
female,pear,travel,rainy,casual,black,grey
male,trapezoid,date,spring,chic,charcoal,white
female,pear,formal,rainy,business,white,grey
female,hourglass,sports,spring,sporty,silver,grey
female,pear,date,summer,chic,navy,black
male,oval,party,spring,street,maroon,blue
female,oval,date,spring,casual,red,lightblue
female,inverted_triangle,party,winter,vintage,silver,white
female,hourglass,date,autumn,chic,cream,grey
female,oval,sports,summer,sporty,black,grey
female,oval,party,rainy,vintage,gold,beige
female,apple,sports,spring,sporty,red,black
male,ectomorph,travel,autumn,casual,cream,white
female,triangle,party,summer,vintage,purple,black
female,oval,party,summer,street,red,beige
male,mesomorph,travel,winter,minimal,navy,charcoal
male,trapezoid,casual,spring,casual,teal,black
female,rectangle,travel,rainy,bohemian,mustard,lightblue
female,apple,casual,summer,vintage,teal,cream
female,apple,sports,autumn,sporty,yellow,grey
male,endomorph,date,rainy,chic,white,black
male,mesomorph,casual,summer,bohemian,orange,khaki
female,hourglass,party,spring,chic,pink,beige
male,trapezoid,party,rainy,traditional,navy,blue
male,endomorph,travel,rainy,bohemian,maroon,grey
female,apple,interview,rainy,business,cream,grey
male,ectomorph,casual,rainy,bohemian,black,grey
male,ectomorph,date,winter,minimal,darkgreen,black
female,rectangle,formal,summer,traditional,lightblue,black
male,mesomorph,travel,summer,minimal,navy,grey
male,mesomorph,casual,summer,casual,grey,lightblue
female,oval,interview,spring,business,white,charcoal
male,trapezoid,travel,rainy,casual,black,blue
female,triangle,travel,summer,sporty,lavender,navy
male,endomorph,party,spring,street,maroon,grey
female,hourglass,party,spring,street,red,black
male,mesomorph,sports,autumn,sporty,yellow,navy
female,triangle,interview,rainy,minimal,navy,black
male,trapezoid,interview,autumn,formal,charcoal,charcoal
male,ectomorph,formal,winter,business,white,black
male,oval,interview,spring,formal,white,navy
female,pear,formal,rainy,traditional,white,charcoal
male,oval,casual,summer,casual,purple,lightblue
female,hourglass,travel,summer,sporty,purple,lightblue
male,trapezoid,formal,autumn,business,white,black
male,ectomorph,sports,autumn,sporty,silver,black
female,apple,party,winter,chic,gold,white
male,trapezoid,party,autumn,street,maroon,black
male,trapezoid,party,winter,glam,navy,blue
female,oval,casual,rainy,casual,charcoal,black
female,inverted_triangle,travel,rainy,bohemian,rust,blue
female,triangle,date,rainy,minimal,grey,charcoal
male,endomorph,party,rainy,glam,white,grey
female,apple,travel,winter,sporty,black,blue
male,ectomorph,interview,spring,formal,charcoal,charcoal
female,inverted_triangle,travel,rainy,casual,maroon,blue
female,rectangle,formal,summer,formal,charcoal,charcoal
female,rectangle,formal,summer,traditional,white,black
female,pear,sports,spring,sporty,yellow,black
female,oval,date,winter,chic,maroon,beige
male,endomorph,formal,autumn,business,lightblue,navy
male,ectomorph,sports,autumn,sporty,beige,black
female,rectangle,travel,winter,minimal,darkgreen,grey
male,mesomorph,party,spring,vintage,navy,black
female,inverted_triangle,date,rainy,chic,rust,blue
male,ectomorph,date,winter,minimal,navy,lightblue
male,mesomorph,formal,summer,business,charcoal,charcoal
male,endomorph,date,rainy,minimal,navy,charcoal
male,trapezoid,date,summer,casual,teal,lightblue
female,inverted_triangle,travel,rainy,minimal,charcoal,beige
male,mesomorph,sports,spring,sporty,silver,navy
male,oval,travel,summer,casual,silver,blue
female,hourglass,travel,summer,casual,silver,black
male,trapezoid,interview,spring,minimal,white,grey
male,oval,date,spring,vintage,yellow,khaki
male,trapezoid,interview,autumn,business,grey,grey
female,oval,travel,rainy,casual,navy,black
male,trapezoid,party,rainy,chic,black,blue
female,pear,interview,winter,minimal,lightblue,navy
male,mesomorph,sports,autumn,sporty,grey,black
male,ectomorph,interview,summer,minimal,navy,black
female,rectangle,travel,spring,bohemian,black,blue
female,apple,date,summer,romantic,beige,black
female,inverted_triangle,interview,rainy,minimal,cream,black
male,endomorph,party,spring,glam,white,black
male,oval,party,spring,street,maroon,blue
male,ectomorph,casual,autumn,vintage,grey,cream
female,oval,formal,rainy,formal,grey,grey
female,rectangle,formal,winter,business,white,black
male,ectomorph,party,spring,chic,navy,grey
male,mesomorph,date,summer,romantic,cream,grey
female,pear,date,spring,chic,peach,khaki
male,oval,sports,autumn,sporty,pink,navy
female,rectangle,formal,autumn,traditional,white,charcoal
female,hourglass,party,summer,street,red,beige
male,endomorph,date,summer,minimal,cream,lightblue
male,trapezoid,party,summer,traditional,white,grey
female,hourglass,casual,spring,bohemian,grey,black
female,rectangle,sports,spring,sporty,teal,grey
male,mesomorph,travel,autumn,sporty,navy,khaki
male,endomorph,travel,autumn,sporty,navy,khaki
female,rectangle,date,summer,casual,orange,navy
female,oval,travel,autumn,bohemian,charcoal,black
male,trapezoid,casual,rainy,casual,white,grey
male,trapezoid,travel,winter,bohemian,brown,khaki
female,inverted_triangle,party,winter,traditional,pink,white
male,oval,interview,spring,business,white,grey
male,trapezoid,date,autumn,casual,darkgreen,lightblue
female,pear,casual,spring,casual,lavender,grey
male,mesomorph,travel,spring,bohemian,peach,black
male,endomorph,casual,spring,bohemian,lightblue,navy
female,pear,casual,autumn,casual,grey,black
female,apple,formal,rainy,traditional,black,black
female,hourglass,date,winter,casual,cream,beige
female,hourglass,casual,summer,street,grey,black
female,rectangle,travel,spring,minimal,teal,khaki
male,endomorph,casual,rainy,minimal,navy,blue
male,trapezoid,party,summer,glam,white,blue
male,endomorph,sports,spring,sporty,black,black
male,mesomorph,travel,winter,sporty,rust,black
female,pear,sports,winter,sporty,pink,black
male,trapezoid,sports,autumn,sporty,gold,grey
male,ectomorph,party,winter,glam,navy,grey
female,apple,sports,rainy,sporty,navy,navy
female,hourglass,travel,rainy,minimal,maroon,grey
female,pear,travel,winter,sporty,grey,grey
female,hourglass,formal,spring,business,grey,grey
male,mesomorph,party,spring,street,navy,black
male,mesomorph,date,rainy,romantic,charcoal,cream
female,hourglass,date,rainy,romantic,cream,grey
female,apple,interview,summer,business,black,black
female,inverted_triangle,sports,summer,sporty,teal,navy
male,endomorph,travel,autumn,sporty,charcoal,blue
male,ectomorph,formal,autumn,business,white,charcoal
female,pear,interview,rainy,business,white,navy
female,rectangle,travel,summer,casual,teal,blue
female,hourglass,formal,summer,formal,white,grey
male,ectomorph,interview,summer,formal,white,grey
male,endomorph,casual,spring,bohemian,navy,grey
female,inverted_triangle,interview,autumn,minimal,beige,navy
female,oval,interview,spring,business,cream,navy
male,endomorph,interview,autumn,business,beige,black
male,endomorph,travel,winter,minimal,beige,navy
male,trapezoid,sports,autumn,sporty,pink,grey
female,apple,travel,summer,minimal,gold,white
female,inverted_triangle,interview,summer,formal,white,black
male,trapezoid,party,spring,traditional,white,blue
male,trapezoid,sports,autumn,sporty,gold,navy
male,endomorph,interview,spring,formal,white,grey
male,oval,date,winter,minimal,black,khaki
female,apple,casual,winter,casual,maroon,blue
male,trapezoid,casual,rainy,vintage,rust,black
male,trapezoid,interview,rainy,minimal,lightblue,black
female,triangle,interview,spring,minimal,white,navy
male,ectomorph,date,autumn,casual,charcoal,white
female,triangle,travel,autumn,minimal,cream,grey
male,trapezoid,casual,spring,casual,pink,cream
female,pear,date,winter,casual,black,beige
male,oval,travel,rainy,bohemian,darkgreen,black
female,apple,formal,winter,formal,charcoal,charcoal
male,mesomorph,travel,summer,sporty,grey,grey
female,rectangle,sports,summer,sporty,gold,navy
male,ectomorph,formal,spring,formal,beige,navy
male,oval,interview,summer,formal,grey,grey
female,oval,interview,spring,business,charcoal,charcoal
female,hourglass,sports,autumn,sporty,teal,navy
male,endomorph,date,autumn,vintage,charcoal,khaki
female,oval,date,summer,casual,teal,charcoal
male,endomorph,date,rainy,vintage,rust,beige
male,trapezoid,sports,spring,sporty,pink,black
male,oval,formal,winter,formal,lightblue,grey
male,oval,casual,winter,street,beige,black
female,inverted_triangle,casual,summer,vintage,beige,grey
female,apple,travel,rainy,casual,white,black
male,endomorph,casual,winter,minimal,black,black
male,oval,casual,summer,bohemian,grey,blue
male,oval,party,winter,glam,black,blue
male,ectomorph,party,rainy,street,navy,black
male,mesomorph,casual,rainy,street,brown,lightblue
male,oval,sports,rainy,sporty,charcoal,navy
female,rectangle,travel,summer,bohemian,gold,lightblue
male,oval,interview,rainy,minimal,white,black
female,inverted_triangle,sports,summer,sporty,pink,grey
female,triangle,formal,winter,formal,charcoal,charcoal
male,mesomorph,date,rainy,romantic,navy,black
male,mesomorph,party,autumn,traditional,white,grey
female,apple,formal,summer,formal,white,charcoal
female,hourglass,formal,rainy,traditional,beige,grey
female,hourglass,travel,autumn,sporty,brown,black
female,apple,casual,summer,vintage,teal,black
male,ectomorph,party,summer,street,white,grey
male,endomorph,casual,spring,bohemian,red,cream
male,trapezoid,date,summer,romantic,cream,black
male,ectomorph,casual,winter,bohemian,brown,black
male,oval,sports,autumn,sporty,purple,black
female,oval,casual,winter,street,black,cream
male,oval,date,summer,vintage,yellow,lightblue
male,trapezoid,interview,summer,business,black,black
male,oval,interview,winter,minimal,grey,black
male,trapezoid,interview,autumn,business,beige,grey
male,oval,party,rainy,street,navy,grey
male,mesomorph,party,rainy,street,black,grey
female,inverted_triangle,party,spring,glam,silver,white
female,rectangle,travel,spring,bohemian,grey,black
female,triangle,party,rainy,chic,silver,white
male,ectomorph,sports,autumn,sporty,cream,navy
male,oval,interview,autumn,formal,white,black
male,mesomorph,interview,winter,formal,navy,navy
male,oval,formal,spring,formal,white,black
male,trapezoid,date,autumn,chic,navy,grey
male,ectomorph,sports,summer,sporty,black,black
male,trapezoid,formal,summer,formal,white,black
female,triangle,date,rainy,casual,charcoal,khaki
female,apple,interview,autumn,minimal,grey,black
male,mesomorph,date,spring,romantic,silver,black
female,pear,date,spring,chic,silver,black
female,apple,formal,spring,traditional,charcoal,black
female,hourglass,formal,spring,business,black,black
male,trapezoid,party,summer,street,white,blue
male,trapezoid,party,spring,vintage,navy,black
female,inverted_triangle,travel,spring,minimal,yellow,grey
female,triangle,travel,rainy,bohemian,black,blue
female,rectangle,travel,summer,casual,red,white
female,pear,travel,spring,bohemian,purple,black
male,oval,travel,rainy,minimal,charcoal,lightblue
male,mesomorph,travel,spring,casual,silver,charcoal
female,apple,casual,winter,minimal,black,charcoal
male,ectomorph,date,autumn,vintage,navy,grey
female,inverted_triangle,sports,rainy,sporty,gold,black
male,trapezoid,casual,spring,minimal,silver,cream
female,triangle,travel,rainy,minimal,maroon,khaki
female,apple,date,autumn,vintage,navy,white
female,oval,formal,rainy,traditional,navy,black
male,oval,casual,rainy,bohemian,charcoal,grey
male,ectomorph,party,winter,traditional,maroon,black
male,trapezoid,travel,spring,bohemian,yellow,grey
male,mesomorph,interview,spring,business,black,black
female,inverted_triangle,interview,winter,minimal,lightblue,navy
female,hourglass,casual,autumn,casual,white,blue
male,oval,casual,winter,minimal,black,blue
male,mesomorph,travel,rainy,bohemian,charcoal,lightblue
male,trapezoid,date,summer,minimal,teal,navy
female,inverted_triangle,party,summer,vintage,orange,beige
male,endomorph,interview,rainy,business,beige,grey
female,apple,sports,winter,sporty,gold,navy
male,trapezoid,casual,winter,minimal,cream,lightblue
female,oval,casual,summer,vintage,grey,black
female,pear,sports,spring,sporty,black,grey
male,ectomorph,date,autumn,romantic,white,black
female,inverted_triangle,formal,autumn,formal,white,navy
male,mesomorph,casual,autumn,casual,mustard,navy
male,endomorph,casual,rainy,street,navy,black
male,mesomorph,party,summer,glam,white,black
female,apple,casual,autumn,minimal,black,khaki
male,ectomorph,sports,spring,sporty,gold,black
female,hourglass,interview,autumn,business,navy,navy
female,hourglass,formal,summer,business,grey,grey
male,oval,formal,summer,traditional,black,black
female,rectangle,date,spring,romantic,lightblue,black
male,mesomorph,casual,autumn,bohemian,darkgreen,navy
female,apple,date,autumn,minimal,black,grey
female,oval,date,winter,casual,navy,charcoal
male,oval,casual,summer,bohemian,cream,lightblue
male,mesomorph,travel,autumn,minimal,grey,black
male,endomorph,formal,spring,formal,black,black
male,oval,date,winter,chic,black,cream
female,hourglass,party,spring,vintage,yellow,beige
female,hourglass,sports,spring,sporty,cream,black
male,mesomorph,sports,summer,sporty,navy,black
male,endomorph,interview,autumn,formal,cream,grey
female,apple,casual,summer,vintage,peach,khaki
female,apple,sports,spring,sporty,navy,navy
male,endomorph,interview,spring,formal,navy,navy
female,triangle,party,autumn,street,silver,white
female,rectangle,date,rainy,casual,cream,lightblue
male,mesomorph,party,summer,glam,maroon,black
female,oval,interview,autumn,formal,grey,grey
female,hourglass,casual,summer,vintage,beige,khaki
male,endomorph,travel,summer,sporty,mint,lightblue
male,ectomorph,interview,rainy,minimal,charcoal,black
male,ectomorph,party,rainy,glam,black,blue
female,oval,casual,summer,vintage,lavender,white
female,hourglass,interview,summer,formal,white,grey
female,triangle,party,spring,glam,red,black
female,rectangle,casual,rainy,bohemian,grey,black
male,trapezoid,casual,summer,bohemian,lightblue,blue
male,oval,casual,summer,bohemian,black,grey
male,oval,interview,spring,minimal,white,grey
male,ectomorph,sports,winter,sporty,grey,grey
male,endomorph,date,rainy,romantic,charcoal,grey
female,pear,formal,spring,business,black,black
female,pear,sports,winter,sporty,white,navy
male,oval,casual,rainy,minimal,black,grey
male,oval,interview,summer,business,beige,grey
male,trapezoid,formal,spring,business,white,black
male,oval,interview,spring,business,white,black
male,oval,sports,spring,sporty,teal,grey
female,triangle,date,spring,casual,teal,cream
female,rectangle,sports,summer,sporty,yellow,navy
female,apple,date,rainy,minimal,mustard,black
female,oval,date,winter,casual,rust,black
male,endomorph,casual,autumn,vintage,beige,grey
female,pear,casual,summer,bohemian,lavender,beige
female,triangle,interview,spring,formal,beige,navy
male,endomorph,formal,winter,formal,white,grey
female,inverted_triangle,travel,autumn,bohemian,mustard,khaki
female,pear,party,winter,vintage,orange,black
female,hourglass,sports,winter,sporty,yellow,grey
male,ectomorph,casual,autumn,casual,beige,cream
female,inverted_triangle,interview,autumn,minimal,grey,black
male,mesomorph,sports,summer,sporty,black,grey
female,pear,party,spring,street,red,beige
male,mesomorph,formal,rainy,traditional,lightblue,navy
female,triangle,casual,spring,minimal,lightblue,grey
female,pear,interview,spring,formal,white,grey
male,trapezoid,travel,autumn,sporty,cream,grey
male,ectomorph,party,winter,vintage,navy,blue
male,oval,interview,summer,formal,navy,navy
female,triangle,casual,winter,casual,beige,lightblue
female,pear,sports,summer,sporty,beige,navy
male,oval,interview,summer,business,charcoal,charcoal
male,ectomorph,casual,rainy,casual,beige,blue
male,oval,formal,summer,traditional,navy,black
male,ectomorph,casual,spring,casual,pink,khaki
male,endomorph,casual,summer,vintage,yellow,black
female,pear,casual,winter,street,navy,charcoal
male,endomorph,casual,autumn,vintage,rust,black
male,ectomorph,casual,autumn,casual,black,khaki
female,rectangle,date,autumn,minimal,white,charcoal
male,ectomorph,travel,summer,sporty,navy,black
male,trapezoid,sports,winter,sporty,gold,grey
female,oval,party,spring,chic,yellow,white
female,hourglass,date,autumn,chic,black,black
male,mesomorph,casual,summer,vintage,cream,black
male,oval,date,winter,minimal,black,lightblue
male,ectomorph,interview,summer,formal,white,black
female,pear,travel,rainy,bohemian,grey,black
female,inverted_triangle,formal,winter,formal,charcoal,charcoal
male,oval,travel,winter,bohemian,grey,navy
female,oval,travel,autumn,bohemian,charcoal,navy
female,rectangle,sports,rainy,sporty,yellow,navy
male,trapezoid,formal,autumn,business,charcoal,charcoal
female,oval,sports,autumn,sporty,teal,grey
female,triangle,party,rainy,street,red,beige
female,pear,sports,autumn,sporty,orange,navy
male,oval,date,winter,romantic,cream,charcoal
female,triangle,casual,rainy,minimal,navy,grey
male,oval,formal,winter,formal,charcoal,charcoal
female,apple,party,rainy,chic,orange,white
male,endomorph,travel,autumn,casual,black,lightblue
male,endomorph,party,summer,vintage,maroon,grey
male,endomorph,sports,rainy,sporty,navy,navy
male,mesomorph,interview,spring,minimal,beige,black
male,ectomorph,sports,spring,sporty,yellow,black
male,mesomorph,interview,spring,business,beige,black
female,apple,sports,rainy,sporty,silver,black
male,mesomorph,casual,autumn,casual,maroon,charcoal
male,mesomorph,date,winter,vintage,charcoal,navy
male,ectomorph,sports,rainy,sporty,navy,navy
female,triangle,travel,winter,minimal,black,grey
female,inverted_triangle,date,rainy,romantic,charcoal,lightblue
male,oval,formal,spring,business,lightblue,grey
female,pear,casual,autumn,minimal,black,charcoal
female,apple,formal,rainy,business,white,navy
male,ectomorph,party,spring,chic,navy,blue
male,oval,formal,winter,business,white,grey
female,hourglass,formal,winter,business,black,black
female,oval,sports,rainy,sporty,pink,grey
female,triangle,sports,winter,sporty,pink,navy
male,endomorph,party,summer,traditional,white,black
male,trapezoid,travel,summer,sporty,gold,cream
male,trapezoid,casual,summer,vintage,beige,black
female,apple,date,autumn,vintage,charcoal,cream
male,ectomorph,date,spring,vintage,black,navy
female,triangle,sports,summer,sporty,beige,black
male,trapezoid,sports,winter,sporty,red,black
female,pear,interview,rainy,business,white,navy
female,inverted_triangle,interview,spring,business,lightblue,black
male,ectomorph,party,rainy,vintage,white,grey
male,mesomorph,sports,rainy,sporty,silver,grey
male,oval,casual,winter,casual,white,cream
female,apple,interview,winter,minimal,white,charcoal
male,trapezoid,casual,rainy,vintage,grey,lightblue
male,endomorph,interview,summer,minimal,charcoal,black
male,ectomorph,date,spring,romantic,silver,white
male,mesomorph,sports,rainy,sporty,yellow,navy
female,rectangle,party,summer,vintage,black,black
female,rectangle,sports,rainy,sporty,gold,black
female,inverted_triangle,sports,rainy,sporty,yellow,black
female,oval,date,summer,minimal,cream,khaki
male,endomorph,interview,summer,business,white,black
male,oval,formal,spring,formal,beige,navy
male,oval,travel,autumn,bohemian,black,beige
male,trapezoid,interview,autumn,minimal,white,navy
male,ectomorph,sports,rainy,sporty,charcoal,black
female,rectangle,travel,summer,sporty,teal,black
female,rectangle,interview,autumn,minimal,white,navy
male,oval,sports,rainy,sporty,gold,black
male,ectomorph,casual,spring,bohemian,purple,khaki
male,ectomorph,interview,autumn,formal,charcoal,charcoal
female,rectangle,sports,summer,sporty,gold,navy
male,ectomorph,interview,autumn,formal,navy,navy
male,ectomorph,formal,rainy,formal,black,black
female,triangle,interview,spring,formal,beige,navy
male,trapezoid,sports,rainy,sporty,pink,grey
female,pear,interview,autumn,business,cream,grey
male,endomorph,party,rainy,glam,black,black
female,apple,date,autumn,casual,black,black
female,oval,formal,rainy,business,navy,navy
female,inverted_triangle,travel,rainy,bohemian,navy,grey
male,trapezoid,casual,autumn,street,black,black
male,trapezoid,formal,spring,traditional,white,navy
female,oval,date,autumn,vintage,navy,khaki
female,rectangle,interview,summer,minimal,white,navy
male,oval,interview,spring,minimal,white,grey
female,pear,party,rainy,vintage,red,black
male,endomorph,travel,summer,casual,white,lightblue
male,trapezoid,party,summer,street,navy,grey
female,pear,sports,winter,sporty,yellow,navy
female,apple,party,autumn,vintage,gold,beige
female,hourglass,party,autumn,street,red,black
female,inverted_triangle,formal,winter,traditional,white,navy
female,inverted_triangle,party,spring,chic,red,black
female,apple,date,winter,vintage,mustard,grey
female,oval,party,winter,chic,silver,beige
male,oval,formal,spring,formal,cream,black
female,hourglass,interview,autumn,formal,black,black
male,oval,formal,winter,traditional,navy,black
male,mesomorph,date,autumn,chic,rust,grey
female,inverted_triangle,date,autumn,casual,brown,grey
male,oval,formal,spring,business,lightblue,grey
female,hourglass,interview,rainy,minimal,white,grey
female,oval,party,rainy,traditional,gold,white
female,pear,travel,spring,casual,black,black
female,oval,travel,spring,bohemian,gold,grey
female,rectangle,travel,spring,casual,pink,black
male,endomorph,date,spring,chic,mint,grey
male,mesomorph,interview,winter,minimal,cream,grey
male,endomorph,party,winter,vintage,navy,blue
male,ectomorph,party,winter,chic,black,black
male,endomorph,formal,winter,formal,white,black
female,triangle,party,winter,glam,silver,black
male,oval,sports,winter,sporty,yellow,grey
